timestamp,model,version,params,quantization,runtime,runtime_version,context_len,batch_size,ttft_ms,inter_token_ms,tokens_per_sec,peak_mem_gb,avg_watts,ambient_c,notes
2026-10-08T23:21:29.103816Z,Qwen3-0.6B,bartowski/Qwen_Qwen3-0.6B-GGUF:Q4_K_M,0.6B,Q4_K_M,llama.cpp,"version: 0.6.0 (build 11429, commit d81235049); built with AppleClang 21.0.0.21000334 for Darwin arm64",1024,1,102.82,3.684,271.414,0.991,,,"Apple MacBook M5 Pro, 24 GB unified memory, macOS 27.0; Metal backend (Homebrew llama.cpp 0.6.0); GPU=none; llama-server; context_len=actual input prompt tokens; concurrency=1; output_target=128 tokens/request; reps=3 (median); aggregate_e2e_tps=224.880; prefill_tps=11258.4; peak_mem_gb=llama-server process RSS (GiB); avg_watts not measured; ambient_c not measured"
2026-10-08T23:21:32.201138Z,Qwen3-0.6B,bartowski/Qwen_Qwen3-0.6B-GGUF:Q4_K_M,0.6B,Q4_K_M,llama.cpp,"version: 0.6.0 (build 11429, commit d81235049); built with AppleClang 21.0.0.21000334 for Darwin arm64",1024,2,201.271,4.862,205.67,1.377,,,"Apple MacBook M5 Pro, 24 GB unified memory, macOS 27.0; Metal backend (Homebrew llama.cpp 0.6.0); GPU=none; llama-server; context_len=actual input prompt tokens; concurrency=2; output_target=128 tokens/request; reps=3 (median); aggregate_e2e_tps=312.583; prefill_tps=5715.6; peak_mem_gb=llama-server process RSS (GiB); avg_watts not measured; ambient_c not measured"
2026-10-08T23:21:36.608677Z,Qwen3-0.6B,bartowski/Qwen_Qwen3-0.6B-GGUF:Q4_K_M,0.6B,Q4_K_M,llama.cpp,"version: 0.6.0 (build 11429, commit d81235049); built with AppleClang 21.0.0.21000334 for Darwin arm64",1024,4,308.291,7.123,141.813,2.148,,,"Apple MacBook M5 Pro, 24 GB unified memory, macOS 27.0; Metal backend (Homebrew llama.cpp 0.6.0); GPU=none; llama-server; context_len=actual input prompt tokens; concurrency=4; output_target=128 tokens/request; reps=3 (median); aggregate_e2e_tps=419.854; prefill_tps=5665.6; peak_mem_gb=llama-server process RSS (GiB); avg_watts not measured; ambient_c not measured"
2026-10-08T23:21:43.773311Z,Qwen3-0.6B,bartowski/Qwen_Qwen3-0.6B-GGUF:Q4_K_M,0.6B,Q4_K_M,llama.cpp,"version: 0.6.0 (build 11429, commit d81235049); built with AppleClang 21.0.0.21000334 for Darwin arm64",1024,8,629.811,11.251,90.915,3.177,,,"Apple MacBook M5 Pro, 24 GB unified memory, macOS 27.0; Metal backend (Homebrew llama.cpp 0.6.0); GPU=none; llama-server; context_len=actual input prompt tokens; concurrency=8; output_target=128 tokens/request; reps=3 (median); aggregate_e2e_tps=479.799; prefill_tps=4737.9; peak_mem_gb=llama-server process RSS (GiB); avg_watts not measured; ambient_c not measured"
2026-10-08T23:21:57.096337Z,Qwen3-0.6B,bartowski/Qwen_Qwen3-0.6B-GGUF:Q4_K_M,0.6B,Q4_K_M,llama.cpp,"version: 0.6.0 (build 11429, commit d81235049); built with AppleClang 21.0.0.21000334 for Darwin arm64",1024,16,1348.795,22.702,45.169,5.495,,,"Apple MacBook M5 Pro, 24 GB unified memory, macOS 27.0; Metal backend (Homebrew llama.cpp 0.6.0); GPU=none; llama-server; context_len=actual input prompt tokens; concurrency=16; output_target=128 tokens/request; reps=3 (median); aggregate_e2e_tps=479.684; prefill_tps=4138.7; peak_mem_gb=llama-server process RSS (GiB); avg_watts not measured; ambient_c not measured"
2026-10-08T23:22:01.217711Z,Qwen3-0.6B,bartowski/Qwen_Qwen3-0.6B-GGUF:Q4_K_M,0.6B,Q4_K_M,llama.cpp,"version: 0.6.0 (build 11429, commit d81235049); built with AppleClang 21.0.0.21000334 for Darwin arm64",4096,1,549.468,4.722,211.787,1.981,,,"Apple MacBook M5 Pro, 24 GB unified memory, macOS 27.0; Metal backend (Homebrew llama.cpp 0.6.0); GPU=none; llama-server; context_len=actual input prompt tokens; concurrency=1; output_target=128 tokens/request; reps=3 (median); aggregate_e2e_tps=111.217; prefill_tps=7865.8; peak_mem_gb=llama-server process RSS (GiB); avg_watts not measured; ambient_c not measured"
2026-10-08T23:22:08.051431Z,Qwen3-0.6B,bartowski/Qwen_Qwen3-0.6B-GGUF:Q4_K_M,0.6B,Q4_K_M,llama.cpp,"version: 0.6.0 (build 11429, commit d81235049); built with AppleClang 21.0.0.21000334 for Darwin arm64",4096,2,853.735,9.385,112.16,3.352,,,"Apple MacBook M5 Pro, 24 GB unified memory, macOS 27.0; Metal backend (Homebrew llama.cpp 0.6.0); GPU=none; llama-server; context_len=actual input prompt tokens; concurrency=2; output_target=128 tokens/request; reps=3 (median); aggregate_e2e_tps=124.357; prefill_tps=7687.0; peak_mem_gb=llama-server process RSS (GiB); avg_watts not measured; ambient_c not measured"
2026-10-08T23:22:20.405524Z,Qwen3-0.6B,bartowski/Qwen_Qwen3-0.6B-GGUF:Q4_K_M,0.6B,Q4_K_M,llama.cpp,"version: 0.6.0 (build 11429, commit d81235049); built with AppleClang 21.0.0.21000334 for Darwin arm64",4096,4,1581.108,17.153,62.909,5.644,,,"Apple MacBook M5 Pro, 24 GB unified memory, macOS 27.0; Metal backend (Homebrew llama.cpp 0.6.0); GPU=none; llama-server; context_len=actual input prompt tokens; concurrency=4; output_target=128 tokens/request; reps=3 (median); aggregate_e2e_tps=135.374; prefill_tps=6398.6; peak_mem_gb=llama-server process RSS (GiB); avg_watts not measured; ambient_c not measured"
2026-10-08T23:22:44.562807Z,Qwen3-0.6B,bartowski/Qwen_Qwen3-0.6B-GGUF:Q4_K_M,0.6B,Q4_K_M,llama.cpp,"version: 0.6.0 (build 11429, commit d81235049); built with AppleClang 21.0.0.21000334 for Darwin arm64",4096,8,3481.777,33.565,32.771,6.623,,,"Apple MacBook M5 Pro, 24 GB unified memory, macOS 27.0; Metal backend (Homebrew llama.cpp 0.6.0); GPU=none; llama-server; context_len=actual input prompt tokens; concurrency=8; output_target=128 tokens/request; reps=3 (median); aggregate_e2e_tps=131.704; prefill_tps=5627.9; peak_mem_gb=llama-server process RSS (GiB); avg_watts not measured; ambient_c not measured"
2026-10-08T23:23:48.670688Z,Qwen3-0.6B,bartowski/Qwen_Qwen3-0.6B-GGUF:Q4_K_M,0.6B,Q4_K_M,llama.cpp,"version: 0.6.0 (build 11429, commit d81235049); built with AppleClang 21.0.0.21000334 for Darwin arm64",4096,16,6886.448,66.943,16.527,10.538,,,"Apple MacBook M5 Pro, 24 GB unified memory, macOS 27.0; Metal backend (Homebrew llama.cpp 0.6.0); GPU=none; llama-server; context_len=actual input prompt tokens; concurrency=16; output_target=128 tokens/request; reps=3 (median); aggregate_e2e_tps=130.402; prefill_tps=5176.1; peak_mem_gb=llama-server process RSS (GiB); avg_watts not measured; ambient_c not measured"
2026-10-08T23:24:08.322178Z,Qwen3-0.6B,bartowski/Qwen_Qwen3-0.6B-GGUF:Q4_K_M,0.6B,Q4_K_M,llama.cpp,"version: 0.6.0 (build 11429, commit d81235049); built with AppleClang 21.0.0.21000334 for Darwin arm64",16384,1,5006.714,10.497,95.263,5.95,,,"Apple MacBook M5 Pro, 24 GB unified memory, macOS 27.0; Metal backend (Homebrew llama.cpp 0.6.0); GPU=none; llama-server; context_len=actual input prompt tokens; concurrency=1; output_target=128 tokens/request; reps=3 (median); aggregate_e2e_tps=20.249; prefill_tps=3358.6; peak_mem_gb=llama-server process RSS (GiB); avg_watts not measured; ambient_c not measured"
2026-10-08T23:24:48.210237Z,Qwen3-0.6B,bartowski/Qwen_Qwen3-0.6B-GGUF:Q4_K_M,0.6B,Q4_K_M,llama.cpp,"version: 0.6.0 (build 11429, commit d81235049); built with AppleClang 21.0.0.21000334 for Darwin arm64",16384,2,7745.859,37.74,36.345,9.858,,,"Apple MacBook M5 Pro, 24 GB unified memory, macOS 27.0; Metal backend (Homebrew llama.cpp 0.6.0); GPU=none; llama-server; context_len=actual input prompt tokens; concurrency=2; output_target=128 tokens/request; reps=3 (median); aggregate_e2e_tps=20.339; prefill_tps=3268.5; peak_mem_gb=llama-server process RSS (GiB); avg_watts not measured; ambient_c not measured"
2026-10-08T23:26:28.138168Z,Qwen3-0.6B,bartowski/Qwen_Qwen3-0.6B-GGUF:Q4_K_M,0.6B,Q4_K_M,llama.cpp,"version: 0.6.0 (build 11429, commit d81235049); built with AppleClang 21.0.0.21000334 for Darwin arm64",16384,4,15753.043,93.61,15.377,9.831,,,"Apple MacBook M5 Pro, 24 GB unified memory, macOS 27.0; Metal backend (Homebrew llama.cpp 0.6.0); GPU=none; llama-server; context_len=actual input prompt tokens; concurrency=4; output_target=128 tokens/request; reps=3 (median); aggregate_e2e_tps=18.290; prefill_tps=2930.1; peak_mem_gb=llama-server process RSS (GiB); avg_watts not measured; ambient_c not measured"
2026-10-08T23:30:35.745185Z,Qwen3-0.6B,bartowski/Qwen_Qwen3-0.6B-GGUF:Q4_K_M,0.6B,Q4_K_M,llama.cpp,"version: 0.6.0 (build 11429, commit d81235049); built with AppleClang 21.0.0.21000334 for Darwin arm64",16384,8,61758.422,200.403,7.072,15.35,,,"Apple MacBook M5 Pro, 24 GB unified memory, macOS 27.0; Metal backend (Homebrew llama.cpp 0.6.0); GPU=none; llama-server; context_len=actual input prompt tokens; concurrency=8; output_target=128 tokens/request; reps=3 (median); aggregate_e2e_tps=11.640; prefill_tps=2800.2; peak_mem_gb=llama-server process RSS (GiB); avg_watts not measured; ambient_c not measured"
